{
  "detection": {
    "prec": 1.0,
    "rec": 1.0,
    "f1": 1.0
  },
  "selection": {
    "mrr@5": 0.5612108741738371,
    "r@1": 0.44294799850355404,
    "r@5": 0.7399925177702955
  }
}